{
  "tulipe": [
    0.7019607843137254,
    -0.9843137254901961,
    -0.33333333333333337,
    0.9843137254901961,
    0.5215686274509803,
    0.1607843137254903,
    0.615686274509804,
    -0.6313725490196078,
    -0.9686274509803922,
    0.388235294117647,
    -0.8666666666666667,
    0.7333333333333334,
    0.7019607843137254,
    -0.6627450980392157,
    0.9215686274509804,
    -0.8352941176470589,
    -0.7019607843137254,
    0.6862745098039216,
    0.7647058823529411,
    0.9921568627450981
  ],
  "fleur": [
    -0.06666666666666665,
    -0.5215686274509803,
    -0.9686274509803922,
    -0.5529411764705883,
    0.7254901960784315,
    -0.6705882352941177,
    0.07450980392156858,
    0.019607843137254832,
    0.41960784313725497,
    -0.26274509803921564,
    -0.7803921568627451,
    0.6549019607843136,
    0.37254901960784315,
    0.8274509803921568,
    0.07450980392156858,
    0.41176470588235303,
    0.04313725490196085,
    -0.6627450980392157,
    -0.8431372549019608,
    -0.8980392156862745
  ],
  "rose": [
    -0.23921568627450984,
    0.10588235294117654,
    -0.19999999999999996,
    -0.5450980392156863,
    0.8823529411764706,
    0.8901960784313725,
    0.8509803921568628,
    0.06666666666666665,
    0.2941176470588236,
    0.26274509803921564,
    0.2313725490196079,
    0.8745098039215686,
    0.3019607843137255,
    -0.2941176470588235,
    -0.6313725490196078,
    0.0039215686274509665,
    0.6313725490196078,
    -0.207843137254902,
    0.019607843137254832,
    0.3176470588235294
  ],
  "jardin": [
    -0.4666666666666667,
    0.3176470588235294,
    0.46666666666666656,
    -0.7725490196078432,
    -0.9215686274509804,
    0.4980392156862745,
    0.8274509803921568,
    0.17647058823529416,
    0.6941176470588235,
    0.10588235294117654,
    -0.1843137254901961,
    -0.3647058823529412,
    -0.592156862745098,
    0.3568627450980393,
    -0.9843137254901961,
    0.30980392156862746,
    0.7333333333333334,
    0.19999999999999996,
    0.7568627450980392,
    0.8901960784313725
  ],
  "jonquille": [
    -0.7725490196078432,
    0.43529411764705883,
    0.8666666666666667,
    0.6862745098039216,
    0.9372549019607843,
    0.7882352941176471,
    -0.4274509803921569,
    0.15294117647058814,
    0.2313725490196079,
    -0.41960784313725485,
    0.8666666666666667,
    0.615686274509804,
    0.9764705882352942,
    0.7333333333333334,
    -0.2941176470588235,
    0.780392156862745,
    0.2313725490196079,
    -0.3411764705882353,
    0.027450980392156765,
    -0.19999999999999996
  ],
  "pivoine": [
    0.8352941176470587,
    0.9137254901960785,
    -0.19215686274509802,
    0.5372549019607844,
    0.07450980392156858,
    0.7411764705882353,
    -0.2313725490196078,
    -0.4901960784313726,
    -0.8352941176470589,
    0.3176470588235294,
    -0.41960784313725485,
    -0.7725490196078432,
    -0.592156862745098,
    0.2705882352941176,
    -0.8745098039215686,
    0.8901960784313725,
    0.8588235294117648,
    -0.05882352941176472,
    -0.1215686274509804,
    -0.6235294117647059
  ],
  "bouquet": [
    0.1843137254901961,
    -0.4745098039215686,
    0.7411764705882353,
    -0.6941176470588235,
    0.6784313725490196,
    0.3254901960784313,
    0.19215686274509802,
    -0.7960784313725491,
    0.0980392156862746,
    0.28627450980392166,
    -0.7647058823529411,
    0.1607843137254903,
    -0.26274509803921564,
    -0.9921568627450981,
    0.04313725490196085,
    0.07450980392156858,
    -0.592156862745098,
    -0.607843137254902,
    0.3019607843137255,
    -0.388235294117647
  ],
  "pétale": [
    0.7176470588235293,
    0.0117647058823529,
    -0.12941176470588234,
    0.6705882352941177,
    0.08235294117647052,
    0.8431372549019607,
    0.8980392156862744,
    0.5215686274509803,
    0.3568627450980393,
    -0.04313725490196074,
    0.09019607843137245,
    0.23921568627450984,
    0.1843137254901961,
    0.41960784313725497,
    0.3254901960784313,
    0.8431372549019607,
    0.5450980392156863,
    -0.2941176470588235,
    -0.8196078431372549,
    -0.6392156862745098
  ],
  "vase": [
    -0.6235294117647059,
    0.7882352941176471,
    -0.5764705882352941,
    0.5921568627450979,
    -0.5607843137254902,
    -0.7176470588235294,
    0.13725490196078427,
    0.46666666666666656,
    -0.7568627450980392,
    -0.9764705882352941,
    0.12941176470588234,
    -0.607843137254902,
    -0.21568627450980393,
    -0.7568627450980392,
    0.8352941176470587,
    0.0039215686274509665,
    0.6627450980392158,
    -0.26274509803921564,
    -0.8431372549019608,
    -0.7176470588235294
  ],
  "printemps": [
    -1,
    0.027450980392156765,
    0.7019607843137254,
    -0.19215686274509802,
    -0.45882352941176474,
    0.24705882352941178,
    0.4980392156862745,
    0.1843137254901961,
    -0.8745098039215686,
    0.5529411764705883,
    0.9215686274509804,
    -0.2313725490196078,
    -1,
    0.8274509803921568,
    0.8745098039215686,
    0.8745098039215686,
    0.7176470588235293,
    0.3568627450980393,
    0.04313725490196085,
    0.37254901960784315
  ],
  "pollen": [
    -0.788235294117647,
    0.6313725490196078,
    -0.388235294117647,
    0.0980392156862746,
    -0.1843137254901961,
    0.16862745098039222,
    -0.5529411764705883,
    0.4274509803921569,
    -0.7647058823529411,
    0.5607843137254902,
    -0.11372549019607847,
    0.41960784313725497,
    0.06666666666666665,
    0.9137254901960785,
    0.7176470588235293,
    0.7333333333333334,
    -0.3411764705882353,
    0.5137254901960784,
    -0.2549019607843137,
    0.41960784313725497
  ],
  "abeille": [
    -0.8666666666666667,
    0.30980392156862746,
    0.607843137254902,
    -0.6862745098039216,
    0.21568627450980382,
    -0.4509803921568627,
    -0.5372549019607843,
    0.8745098039215686,
    -0.28627450980392155,
    0.2313725490196079,
    -0.44313725490196076,
    0.968627450980392,
    0.22352941176470598,
    0.9058823529411764,
    0.1215686274509804,
    0.6235294117647059,
    0.24705882352941178,
    -0.6235294117647059,
    -0.6392156862745098,
    0.9137254901960785
  ],
  "parterre": [
    0.2784313725490195,
    0.050980392156862786,
    -0.9607843137254902,
    0.4039215686274509,
    0.8980392156862744,
    -0.4117647058823529,
    -0.09019607843137256,
    -0.41960784313725485,
    -0.10588235294117643,
    0.9450980392156862,
    -0.6784313725490196,
    -0.6549019607843137,
    0.7019607843137254,
    -0.6627450980392157,
    -0.6392156862745098,
    0.04313725490196085,
    1,
    -0.8117647058823529,
    0.0039215686274509665,
    0.17647058823529416
  ],
  "serre": [
    -0.3647058823529412,
    -0.9137254901960784,
    -0.0980392156862745,
    0.26274509803921564,
    0.968627450980392,
    -0.3411764705882353,
    0.5058823529411764,
    0.1843137254901961,
    0.2549019607843137,
    -0.7098039215686274,
    0.6470588235294117,
    -0.2941176470588235,
    -0.2549019607843137,
    0.6862745098039216,
    0.5372549019607844,
    -0.788235294117647,
    0.8588235294117648,
    0.615686274509804,
    -0.13725490196078427,
    -0.43529411764705883
  ],
  "botanique": [
    0.8745098039215686,
    0.8274509803921568,
    -0.30980392156862746,
    0.6941176470588235,
    -0.5764705882352941,
    0.027450980392156765,
    -0.12941176470588234,
    -0.5686274509803921,
    -0.9294117647058824,
    0.6392156862745098,
    0.9607843137254901,
    -0.3647058823529412,
    -0.23921568627450984,
    -0.06666666666666665,
    0.8117647058823529,
    0.3176470588235294,
    -0.8431372549019608,
    0.8431372549019607,
    -0.7333333333333334,
    -0.10588235294117643
  ],